ExperimentID,Investigators,Treatment,Bin_Original,Bin_Final,PlantRep,SoilDepth,SoilHtBelow,HtFirstInflor,MassFirstInflor,CountRayFlowers,CountDiskFlowers,MassVeg,FinalMassTotal,MassRemoved,,,,
Competition,BeardonMendozaSigman,1,C,,1,1,GAGA,,,,,,,,,,,
Competition,BeardonMendozaSigman,1,C,,2,1.4,GAGA,,,,,,,,,,,
Competition,BeardonMendozaSigman,1,E,,3,1.3,GAGA,,,,,,,,,,,
Competition,BeardonMendozaSigman,1,W,,4,1.3,GAGA,,,,,,,,,,,
Competition,BeardonMendozaSigman,1,W,,5,1.3,GAGA,,,,,,,,,,,
Competition,BeardonMendozaSigman,1,E,,6,2.1,GAGA,,,,,,,,,,,
Competition,BeardonMendozaSigman,1,E,,7,2,GAGA,,,,,,,,,,,
Competition,BeardonMendozaSigman,1,C,,8,1.3,GAGA,,,,,,,,,,,
Competition,BeardonMendozaSigman,1,E,,9,1.4,GAGA,,,,,,,,,,,
Competition,BeardonMendozaSigman,1,C,,10,1,GAGA,,,,,,,,,,,
Competition,BeardonMendozaSigman,1,W,,11,1.3,GAGA,,,,,,,,,,,
Competition,BeardonMendozaSigman,1,E,,12,1.7,GAGA,,,,,,,,,,,
Competition,BeardonMendozaSigman,1,W,,13,1,GAGA,,,,,,,,,,,
Competition,BeardonMendozaSigman,1,E,,14,0.5,GAGA,,,,,,,,,,,
Competition,BeardonMendozaSigman,1,W,,15,2.2,GAGA,,,,,,,,,,,
Competition,BeardonMendozaSigman,1,W,,16,1.3,GAGA,,,,,,,,,,,
Competition,BeardonMendozaSigman,1,C,,17,1.3,GAGA,,,,,,,,,,,
Competition,BeardonMendozaSigman,1,C,,18,0.9,GAGA,,,,,,,,,,,
Competition,BeardonMendozaSigman,1,C,,19,1.5,GAGA,,,,,,,,,,,
Competition,BeardonMendozaSigman,1,E,,20,1.6,GAGA,,,,,,,,,,,
Competition,BeardonMendozaSigman,1,E,,21,0.9,,,,,,,,,,,,
Competition,BeardonMendozaSigman,1,W,,22,1.3,Kk,,,,,,,,,,,
Competition,BeardonMendozaSigman,1,W,,23,1,Kk,,,,,,,,,,,
Competition,BeardonMendozaSigman,1,C,,24,0.9,Kk,,,,,,,,,,,
Competition,BeardonMendozaSigman,2,W,,25,1.4,kk,,,,,,,,,,,
Competition,BeardonMendozaSigman,2,W,,26,1.5,,,,,,,,,,,,
Competition,BeardonMendozaSigman,2,E,,27,1.5,,,,,,,,,,,,
Competition,BeardonMendozaSigman,2,E,,28,1,,,,,,,,,,,,
Competition,BeardonMendozaSigman,2,W,,29,1.5,,,,,,,,,,,,
Competition,BeardonMendozaSigman,2,C,,30,1.1,,,,,,,,,,,,
Competition,BeardonMendozaSigman,2,E,,31,1.1,,,,,,,,,,,,
Competition,BeardonMendozaSigman,2,W,,32,1.8,,,,,,,,,,,,
Competition,BeardonMendozaSigman,2,C,,33,1.2,,,,,,,,,,,,
Competition,BeardonMendozaSigman,2,C,,34,1.7,,,,,,,,,,,,
Competition,BeardonMendozaSigman,2,C,,35,2.5,,,,,,,,,,,,
Competition,BeardonMendozaSigman,2,E,,36,1,,,,,,,,,,,,
Competition,BeardonMendozaSigman,2,W,,37,1.6,,,,,,,,,,,,
Competition,BeardonMendozaSigman,2,E,,38,1.3,,,,,,,,,,,,
Competition,BeardonMendozaSigman,2,C,,39,1.4,,,,,,,,,,,,
Competition,BeardonMendozaSigman,2,E,,40,1.5,,,,,,,,,,,,
Competition,BeardonMendozaSigman,2,E,,41,1.3,,,,,,,,,,,,
Competition,BeardonMendozaSigman,2,C,,42,1,,,,,,,,,,,,
Competition,BeardonMendozaSigman,2,C,,43,0.5,,,,,,,,,,,,
Competition,BeardonMendozaSigman,2,E,,44,1.9,,,,,,,,,,,,
Competition,BeardonMendozaSigman,2,W,,45,1.5,,,,,,,,,,,,
Competition,BeardonMendozaSigman,2,W,,46,1.5,,,,,,,,,,,,
Competition,BeardonMendozaSigman,2,W,,47,2,,,,,,,,,,,,
Competition,BeardonMendozaSigman,2,W,,48,2,,,,,,,,,,,,
Competition,BeardonMendozaSigman,3,C,,49,1.6,,,,,,,,,,,,
Competition,BeardonMendozaSigman,3,C,,50,2.1,,,,,,,,,,,,
Competition,BeardonMendozaSigman,3,C,,51,2.6,,,,,,,,,,,,
Competition,BeardonMendozaSigman,3,E,,52,0.9,,,,,,,,,,,,
Competition,BeardonMendozaSigman,3,E,,53,1.3,,,,,,,,,,,,
Competition,BeardonMendozaSigman,3,W,,54,1.7,,,,,,,,,,,,
Competition,BeardonMendozaSigman,3,C,,55,1,,,,,,,,,,,,
Competition,BeardonMendozaSigman,3,E,,56,1,,,,,,,,,,,,
Competition,BeardonMendozaSigman,3,W,,57,1.6,,,,,,,,,,,,
Competition,BeardonMendozaSigman,3,W,,58,0.5,,,,,,,,,,,,
Competition,BeardonMendozaSigman,3,C,,59,1.5,,,,,,,,,,,,
Competition,BeardonMendozaSigman,3,E,,60,1.3,,,,,,,,,,,,
Competition,BeardonMendozaSigman,3,E,,61,2.5,,,,,,,,,,,,
Competition,BeardonMendozaSigman,3,E,,62,0.5,,,,,,,,,,,,
Competition,BeardonMendozaSigman,3,W,,63,1.8,,,,,,,,,,,,
Competition,BeardonMendozaSigman,3,C,,64,1,,,,,,,,,,,,
Competition,BeardonMendozaSigman,3,C,,65,1.6,,,,,,,,,,,,
Competition,BeardonMendozaSigman,3,E,,66,1.3,,,,,,,,,,,,
Competition,BeardonMendozaSigman,3,E,,67,1,,,,,,,,,,,,
Competition,BeardonMendozaSigman,3,C,,68,1.8,,,,,,,,,,,,
Competition,BeardonMendozaSigman,3,W,,69,1.2,,,,,,,,,,,,
Competition,BeardonMendozaSigman,3,W,,70,1.4,,,,,,,,,,,,
Competition,BeardonMendozaSigman,3,W,,71,1.5,,,,,,,,,,,,
Competition,BeardonMendozaSigman,3,C,,72,1.9,,,,,,,,,,,,
Enemies1cat,LaytonMastrangeloZabinski,c_away,2,,1,2,,,,,,,,,,,,
Enemies1cat,LaytonMastrangeloZabinski,c_away,2,,2,3,,,,,,,,,,,,
Enemies1cat,LaytonMastrangeloZabinski,c_away,2,,3,1.8,,,,,,,,,,,,
Enemies1cat,LaytonMastrangeloZabinski,c_away,2,,4,2.1,,,,,,,,,,,,
Enemies1cat,LaytonMastrangeloZabinski,c_away,1,,5,2,,,,,,,,,,,,
Enemies1cat,LaytonMastrangeloZabinski,c_away,3,,6,2.6,,,,,,,,,,,,
Enemies1cat,LaytonMastrangeloZabinski,c_away,3,,7,2.5,,,,,,,,,,,,
Enemies1cat,LaytonMastrangeloZabinski,c_away,3,,8,0.9,,,,,,,,,,,,
Enemies1cat,LaytonMastrangeloZabinski,c_away,3,,9,2.9,,,,,,,,,,,,
Enemies1cat,LaytonMastrangeloZabinski,c_away,3,,10,2,,,,,,,,,,,,
Enemies1cat,LaytonMastrangeloZabinski,c_away,3,,11,2.9,,,,,,,,,,,,
Enemies1cat,LaytonMastrangeloZabinski,c_away,3,,12,2,,,,,,,,,,,,
Enemies1cat,LaytonMastrangeloZabinski,c_away,1,,13,3,,,,,,,,,,,,
Enemies1cat,LaytonMastrangeloZabinski,c_away,1,,14,2.9,,,,,,,,,,,,
Enemies1cat,LaytonMastrangeloZabinski,c_away,1,,15,2.8,,,,,,,,,,,,
Enemies1cat,LaytonMastrangeloZabinski,c_away,1,,16,2,,,,,,,,,,,,
Enemies1cat,LaytonMastrangeloZabinski,c_away,1,,17,3,,,,,,,,,,,,
Enemies1cat,LaytonMastrangeloZabinski,c_away,1,,18,2,,,,,,,,,,,,
Enemies1cat,LaytonMastrangeloZabinski,c_away,1,,19,3.2,,,,,,,,,,,,
Enemies1cat,LaytonMastrangeloZabinski,c_away,1,,20,2,,,,,,,,,,,,
Enemies1cat,LaytonMastrangeloZabinski,c_away,1,,21,4,,,,,,,,,,,,
Enemies1cat,LaytonMastrangeloZabinski,c_away,1,,22,1.8,,,,,,,,,,,,
Enemies1cat,LaytonMastrangeloZabinski,c_away,1,,23,2,,,,,,,,,,,,
Enemies1cat,LaytonMastrangeloZabinski,c_away,1,,24,2,,,,,,,,,,,,
Enemies1cat,LaytonMastrangeloZabinski,c_close,2,,1,3.2,,,,,,,,,,,,
Enemies1cat,LaytonMastrangeloZabinski,c_close,2,,2,1,,,,,,,,,,,,
Enemies1cat,LaytonMastrangeloZabinski,c_close,2,,3,3.1,,,,,,,,,,,,
Enemies1cat,LaytonMastrangeloZabinski,c_close,2,,4,2,,,,,,,,,,,,
Enemies1cat,LaytonMastrangeloZabinski,c_close,2,,5,2,,,,,,,,,,,,
Enemies1cat,LaytonMastrangeloZabinski,c_close,2,,6,2.5,,,,,,,,,,,,
Enemies1cat,LaytonMastrangeloZabinski,c_close,2,,7,1.9,,,,,,,,,,,,
Enemies1cat,LaytonMastrangeloZabinski,c_close,2,,8,2.5,,,,,,,,,,,,
Enemies1cat,LaytonMastrangeloZabinski,c_close,2,,9,2,,,,,,,,,,,,
Enemies1cat,LaytonMastrangeloZabinski,c_close,2,,10,1.9,,,,,,,,,,,,
Enemies1cat,LaytonMastrangeloZabinski,c_close,1,,11,1.5,,,,,,,,,,,,
Enemies1cat,LaytonMastrangeloZabinski,c_close,3,,12,2,,,,,,,,,,,,
Enemies1cat,LaytonMastrangeloZabinski,c_close,3,,13,3.5,,,,,,,,,,,,
Enemies1cat,LaytonMastrangeloZabinski,c_close,3,,14,2,,,,,,,,,,,,
Enemies1cat,LaytonMastrangeloZabinski,c_close,3,,15,2.5,,,,,,,,,,,,
Enemies1cat,LaytonMastrangeloZabinski,c_close,1,,16,2.4,,,,,,,,,,,,
Enemies1cat,LaytonMastrangeloZabinski,c_close,1,,17,2,,,,,,,,,,,,
Enemies1cat,LaytonMastrangeloZabinski,c_close,1,,18,3,,,,,,,,,,,,
Enemies1cat,LaytonMastrangeloZabinski,c_close,1,,19,1.9,,,,,,,,,,,,
Enemies1cat,LaytonMastrangeloZabinski,c_close,1,,20,2,,,,,,,,,,,,
Enemies1cat,LaytonMastrangeloZabinski,c_close,1,,21,4,,,,,,,,,,,,
Enemies1cat,LaytonMastrangeloZabinski,c_close,1,,22,1.8,,,,,,,,,,,,
Enemies1cat,LaytonMastrangeloZabinski,c_close,1,,23,2,,,,,,,,,,,,
Enemies1cat,LaytonMastrangeloZabinski,c_close,1,,24,2,,,,,,,,,,,,
Enemies1cat,LaytonMastrangeloZabinski,cat,2,,1,1.5,,,,,,,,,,,,
Enemies1cat,LaytonMastrangeloZabinski,cat,2,,2,2.5,,,,,,,,,,,,
Enemies1cat,LaytonMastrangeloZabinski,cat,2,,3,3,,,,,,,,,,,,
Enemies1cat,LaytonMastrangeloZabinski,cat,2,,4,2.1,,,,,,,,,,,,
Enemies1cat,LaytonMastrangeloZabinski,cat,2,,5,2,,,,,,,,,,,,
Enemies1cat,LaytonMastrangeloZabinski,cat,2,,6,1.5,,,,,,,,,,,,
Enemies1cat,LaytonMastrangeloZabinski,cat,2,,7,2,,,,,,,,,,,,
Enemies1cat,LaytonMastrangeloZabinski,cat,2,,8,1.2,,,,,,,,,,,,
Enemies1cat,LaytonMastrangeloZabinski,cat,2,,9,2,,,,,,,,,,,,
Enemies1cat,LaytonMastrangeloZabinski,cat,3,,10,2,,,,,,,,,,,,
Enemies1cat,LaytonMastrangeloZabinski,cat,1,,11,2,,,,,,,,,,,,
Enemies1cat,LaytonMastrangeloZabinski,cat,2,,12,2,,,,,,,,,,,,
Enemies1cat,LaytonMastrangeloZabinski,cat,3,,13,3,,,,,,,,,,,,
Enemies1cat,LaytonMastrangeloZabinski,cat,3,,14,1,,,,,,,,,,,,
Enemies1cat,LaytonMastrangeloZabinski,cat,3,,15,3,,,,,,,,,,,,
Enemies1cat,LaytonMastrangeloZabinski,cat,3,,16,3,,,,,,,,,,,,
Enemies1cat,LaytonMastrangeloZabinski,cat,3,,17,2.5,,,,,,,,,,,,
Enemies1cat,LaytonMastrangeloZabinski,cat,3,,18,2,,,,,,,,,,,,
Enemies1cat,LaytonMastrangeloZabinski,cat,3,,19,2.5,,,,,,,,,,,,
Enemies1cat,LaytonMastrangeloZabinski,cat,3,,20,3.5,,,,,,,,,,,,
Enemies1cat,LaytonMastrangeloZabinski,cat,3,,21,2.5,,,,,,,,,,,,
Enemies1cat,LaytonMastrangeloZabinski,cat,3,,22,2.4,,,,,,,,,,,,
Enemies1cat,LaytonMastrangeloZabinski,cat,3,,23,2.5,,,,,,,,,,,,
Enemies1cat,LaytonMastrangeloZabinski,cat,3,,24,2.8,,,,,,,,,,,,
Enemies2clip,BergholzCarterDube,none,,,1,9,,,,,,,,0,,,,
Enemies2clip,BergholzCarterDube,none,,,2,,,,,,,,,0,,,,
Enemies2clip,BergholzCarterDube,none,,,3,4,,,,,,,,0,,,,
Enemies2clip,BergholzCarterDube,none,,,4,,,,,,,,,0,,,,
Enemies2clip,BergholzCarterDube,none,,,5,,,,,,,,,0,,,,
Enemies2clip,BergholzCarterDube,none,,,6,13,,,,,,,,0,,,,
Enemies2clip,BergholzCarterDube,none,,,7,18,,,,,,,,0,,,,
Enemies2clip,BergholzCarterDube,none,,,8,10,,,,,,,,0,,,,
Enemies2clip,BergholzCarterDube,none,,,9,27,,,,,,,,0,,,,
Enemies2clip,BergholzCarterDube,none,,,10,16,,,,,,,,0,,,,
Enemies2clip,BergholzCarterDube,none,,,11,8,,,,,,,,0,,,,
Enemies2clip,BergholzCarterDube,none,,,12,20,,,,,,,,0,,,,
Enemies2clip,BergholzCarterDube,none,,,13,,,,,,,,,0,,,,
Enemies2clip,BergholzCarterDube,none,,,14,20,,,,,,,,0,,,,
Enemies2clip,BergholzCarterDube,none,,,15,,,,,,,,,0,Flowered very earlier - several weeks before any other plants. First one in class,,,
Enemies2clip,BergholzCarterDube,none,,,16,,,,,,,,,0,,,,
Enemies2clip,BergholzCarterDube,none,,,17,17,,,,,,,,0,,,,
Enemies2clip,BergholzCarterDube,none,,,18,24,,,,,,,,0,,,,
Enemies2clip,BergholzCarterDube,none,,,19,,,,,,,,,0,,,,
Enemies2clip,BergholzCarterDube,none,,,20,,,,,,,,,0,,,,
Enemies2clip,BergholzCarterDube,none,,,21,22,,,,,,,,0,,,,
Enemies2clip,BergholzCarterDube,none,,,22,,,,,,,,,0,,,,
Enemies2clip,BergholzCarterDube,none,,,23,,,,,,,,,0,,,,
Enemies2clip,BergholzCarterDube,none,,,24,15,,,,,,,,0,,,,
Enemies2clip,BergholzCarterDube,none,,,25,19,,,,,,,,0,,,,
Enemies2clip,BergholzCarterDube,none,,,26,,,,,,,,,0,,,,
Enemies2clip,BergholzCarterDube,none,,,27,16,,,,,,,,0,,,,
Enemies2clip,BergholzCarterDube,none,,,28,29,,,,,,,,0,,,,
Enemies2clip,BergholzCarterDube,none,,,29,,,,,,,,,0,,,,
Enemies2clip,BergholzCarterDube,none,,,30,,,,,,,,,0,,,,
Enemies2clip,BergholzCarterDube,none,,,31,24,,,,,,,,0,,,,
Enemies2clip,BergholzCarterDube,none,,,32,29,,,,,,,,0,,,,
Enemies2clip,BergholzCarterDube,none,,,33,21,,,,,,,,0,,,,
Enemies2clip,BergholzCarterDube,none,,,34,16,,,,,,,,0,,,,
Enemies2clip,BergholzCarterDube,none,,,35,11,,,,,,,,0,,,,
Enemies2clip,BergholzCarterDube,none,,,36,30,,,,,,,,0,,,,
Enemies2clip,BergholzCarterDube,none,,,37,21,,,,,,,,0,,,,
Enemies2clip,BergholzCarterDube,none,,,38,18,,,,,,,,0,,,,
Enemies2clip,BergholzCarterDube,none,,,39,19,,,,,,,,0,,,,
Enemies2clip,BergholzCarterDube,none,,,40,,,,,,,,,0,,,,
Enemies2clip,BergholzCarterDube,none,,,41,,,,,,,,,0,,,,
Enemies2clip,BergholzCarterDube,none,,,42,,,,,,,,,0,,,,
Enemies2clip,BergholzCarterDube,none,,,43,,,,,,,,,0,,,,
Enemies2clip,BergholzCarterDube,none,,,44,14,,,,,,,,0,,,,
Enemies2clip,BergholzCarterDube,none,,,45,20,,,,,,,,0,,,,
Enemies2clip,BergholzCarterDube,none,,,46,21,,,,,,,,0,,,,
Enemies2clip,BergholzCarterDube,none,,,47,24,,,,,,,,0,,,,
Enemies2clip,BergholzCarterDube,none,,,48,,,,,,,,,0,,,,
Enemies2clip,BergholzCarterDube,none,,,49,21,,,,,,,,13.01,,,,
Enemies2clip,BergholzCarterDube,one-third,,,50,20,,,,,,,,7.02,,,,
Enemies2clip,BergholzCarterDube,one-third,,,51,22,,,,,,,,12.43,,,,
Enemies2clip,BergholzCarterDube,one-third,,,52,,,,,,,,,9.6,,,,
Enemies2clip,BergholzCarterDube,one-third,,,53,17,,,,,,,,17.45,,,,
Enemies2clip,BergholzCarterDube,one-third,,,54,12,,,,,,,,13.79,,,,
Enemies2clip,BergholzCarterDube,one-third,,,55,21,,,,,,,,6.24,,,,
Enemies2clip,BergholzCarterDube,one-third,,,56,,,,,,,,,24.19,,,,
Enemies2clip,BergholzCarterDube,one-third,,,57,17,,,,,,,,15.42,,,,
Enemies2clip,BergholzCarterDube,one-third,,,58,12,,,,,,,,16.93,,,,
Enemies2clip,BergholzCarterDube,one-third,,,59,,,,,,,,,18.06,,,,
Enemies2clip,BergholzCarterDube,one-third,,,60,22,,,,,,,,29.02,,,,
Enemies2clip,BergholzCarterDube,one-third,,,61,,,,,,,,,17.86,,,,
Enemies2clip,BergholzCarterDube,one-third,,,62,9,,,,,,,,7.65,,,,
Enemies2clip,BergholzCarterDube,one-third,,,63,,,,,,,,,12.94,,,,
Enemies2clip,BergholzCarterDube,one-third,,,64,,,,,,,,,18.11,,,,
Enemies2clip,BergholzCarterDube,one-third,,,65,19,,,,,,,,17.42,,,,
Enemies2clip,BergholzCarterDube,one-third,,,66,5,,,,,,,,15.75,,,,
Enemies2clip,BergholzCarterDube,one-third,,,67,,,,,,,,,18.29,,,,
Enemies2clip,BergholzCarterDube,one-third,,,68,,,,,,,,,18.23,,,,
Enemies2clip,BergholzCarterDube,one-third,,,69,14,,,,,,,,13.55,,,,
Enemies2clip,BergholzCarterDube,one-third,,,70,21,,,,,,,,15.66,,,,
Enemies2clip,BergholzCarterDube,one-third,,,71,21,,,,,,,,14.73,,,,
Enemies2clip,BergholzCarterDube,one-third,,,72,25,,,,,,,,29.17,,,,
Enemies2clip,BergholzCarterDube,two-thirds,,,73,23,,,,,,,,18,,,,
Enemies2clip,BergholzCarterDube,two-thirds,,,74,15,,,,,,,,27.72,,,,
Enemies2clip,BergholzCarterDube,two-thirds,,,75,,,,,,,,,18.96,,,,
Enemies2clip,BergholzCarterDube,two-thirds,,,76,,,,,,,,,31.01,,,,
Enemies2clip,BergholzCarterDube,two-thirds,,,77,10,,,,,,,,10.22,,,,
Enemies2clip,BergholzCarterDube,two-thirds,,,78,,,,,,,,,12.11,,,,
Enemies2clip,BergholzCarterDube,two-thirds,,,79,14,,,,,,,,24.6,,,,
Enemies2clip,BergholzCarterDube,two-thirds,,,80,25,,,,,,,,14.83,,,,
Enemies2clip,BergholzCarterDube,two-thirds,,,81,15,,,,,,,,16.06,,,,
Enemies2clip,BergholzCarterDube,two-thirds,,,82,,,,,,,,,31.71,,,,
Enemies2clip,BergholzCarterDube,two-thirds,,,83,,,,,,,,,20.3,,,,
Enemies2clip,BergholzCarterDube,two-thirds,,,84,24,,,,,,,,18.7,,,,
Enemies2clip,BergholzCarterDube,two-thirds,,,85,23,,,,,,,,15.37,,,,
Enemies2clip,BergholzCarterDube,two-thirds,,,86,,,,,,,,,24.95,,,,
Enemies2clip,BergholzCarterDube,two-thirds,,,87,16,,,,,,,,52.04,,,,
Enemies2clip,BergholzCarterDube,two-thirds,,,88,,,,,,,,,21.44,,,,
Enemies2clip,BergholzCarterDube,two-thirds,,,89,13,,,,,,,,37.76,,,,
Enemies2clip,BergholzCarterDube,two-thirds,,,90,15,,,,,,,,13.1,,,,
Enemies2clip,BergholzCarterDube,two-thirds,,,91,,,,,,,,,43.81,,,,
Enemies2clip,BergholzCarterDube,two-thirds,,,92,16,,,,,,,,12.56,,,,
Enemies2clip,BergholzCarterDube,two-thirds,,,93,6,,,,,,,,12.37,,,,
Enemies2clip,BergholzCarterDube,two-thirds,,,94,15,,,,,,,,30,,,,
Enemies2clip,BergholzCarterDube,two-thirds,,,95,11,,,,,,,,26.1,,,,
Enemies2clip,BergholzCarterDube,two-thirds,,,96,24,,,,,,,,18.3,,,,
Resources,GrossMoserNataleVirlarknight,Low,0.6,,1,0.6,,,,,,,,,"10/05/16 -- due to campus events, Daphne was unable to focus and incorrectly added 5mL of distilled water to all treatment 1 plants, instead of solution 1. The correct solution was not added on top of that for fear that it woud be worse than leaving treatmetns alone.",,,
Resources,GrossMoserNataleVirlarknight,Low,2.3,,2,2.3,,,,,,,,,,,,
Resources,GrossMoserNataleVirlarknight,Low,2.4,,3,2.4,,,,,,,,,,,,
Resources,GrossMoserNataleVirlarknight,Low,1.7,,4,1.7,,,,,,,,,,,,
Resources,GrossMoserNataleVirlarknight,Low,0.8,,5,0.8,,,,,,,,,"10/03/16 - looks like plant may be uprooted, can't tell",,,10/12/16 - No plant detectable
Resources,GrossMoserNataleVirlarknight,Low,1,,6,1,,,,,,,,,,,,
Resources,GrossMoserNataleVirlarknight,Low,1.5,,7,1.5,,,,,,,,,,,,
Resources,GrossMoserNataleVirlarknight,Low,0.7,,8,0.7,,,,,,,,,,,,
Resources,GrossMoserNataleVirlarknight,Low,1.4,,9,1.4,,,,,,,,,10/21/16 - looks purple,11/25/16 - longest leaf ripped during measurement,,
Resources,GrossMoserNataleVirlarknight,Low,1.4,,10,1.4,,,,,,,,,,,,
Resources,GrossMoserNataleVirlarknight,Low,1.4,,11,1.4,,,,,,,,,,,,
Resources,GrossMoserNataleVirlarknight,Low,1.8,,12,1.8,,,,,,,,,,,,
Resources,GrossMoserNataleVirlarknight,Low,1.6,,13,1.6,,,,,,,,,,,,
Resources,GrossMoserNataleVirlarknight,Low,0.9,,14,0.9,,,,,,,,,,,,
Resources,GrossMoserNataleVirlarknight,Low,1.3,,15,1.3,,,,,,,,,,,,
Resources,GrossMoserNataleVirlarknight,Low,0.9,,16,0.9,,,,,,,,,,,,
Resources,GrossMoserNataleVirlarknight,Low,2.5,,17,2.5,,,,,,,,,,,,
Resources,GrossMoserNataleVirlarknight,Low,0.7,,18,0.7,,,,,,,,,"11/7/16 - plant has 'furry-looking' growths on bottom half, most pronounced at junctures where 'leaves' fork",,,
Resources,GrossMoserNataleVirlarknight,Low,1.1,,19,1.1,,,,,,,,,,,,
Resources,GrossMoserNataleVirlarknight,Low,1.8,,20,1.8,,,,,,,,,,,,
Resources,GrossMoserNataleVirlarknight,Low,0.5,,21,0.5,,,,,,,,,,,,
Resources,GrossMoserNataleVirlarknight,Low,0.9,,22,0.9,,,,,,,,,,,,
Resources,GrossMoserNataleVirlarknight,Low,1.9,,23,1.9,,,,,,,,,,,,
Resources,GrossMoserNataleVirlarknight,Low,1.8,,24,1.8,,,,,,,,,,,,
Resources,GrossMoserNataleVirlarknight,Mid,1,,1,1,,,,,,,,,,,,
Resources,GrossMoserNataleVirlarknight,Mid,2,,2,2,,,,,,,,,,,,
Resources,GrossMoserNataleVirlarknight,Mid,1.5,,3,1.5,,,,,,,,,10/21/16 - looks purple,11/04/16 - wrinkly and shriveled,,
Resources,GrossMoserNataleVirlarknight,Mid,1.3,,4,1.3,,,,,,,,,,,,
Resources,GrossMoserNataleVirlarknight,Mid,1.4,,5,1.4,,,,,,,,,,,,
Resources,GrossMoserNataleVirlarknight,Mid,1.5,,6,1.5,,,,,,,,,10/03/16 - Lisa was startled by loud greenhouse machinery activating while watering this plant and spilled. Spill was estimated at 0.5mL and 0.5mL of solution 2 was added to replace.,,,
Resources,GrossMoserNataleVirlarknight,Mid,0.9,,7,0.9,,,,,,,,,,,,
Resources,GrossMoserNataleVirlarknight,Mid,1.7,,8,1.7,,,,,,,,,,,,
Resources,GrossMoserNataleVirlarknight,Mid,1.4,,9,1.4,,,,,,,,,,,,
Resources,GrossMoserNataleVirlarknight,Mid,0.5,,10,0.5,,,,,,,,,,,,
Resources,GrossMoserNataleVirlarknight,Mid,1.3,,11,1.3,,,,,,,,,,,,
Resources,GrossMoserNataleVirlarknight,Mid,1.2,,12,1.2,,,,,,,,,10/21/16 - looks purple,,,
Resources,GrossMoserNataleVirlarknight,Mid,1.7,,13,1.7,,,,,,,,,10/05/16 - Daphne noticed that the stems of the leaves are looking brown.,,,
Resources,GrossMoserNataleVirlarknight,Mid,1.7,,14,1.7,,,,,,,,,,,,
Resources,GrossMoserNataleVirlarknight,Mid,0.3,,15,0.3,,,,,,,,,,,,
Resources,GrossMoserNataleVirlarknight,Mid,1.5,,16,1.5,,,,,,,,,,,,
Resources,GrossMoserNataleVirlarknight,Mid,0.3,,17,0.3,,,,,,,,,10/21/16 - looks purple,,,
Resources,GrossMoserNataleVirlarknight,Mid,0.8,,18,0.8,,,,,,,,,,,,
Resources,GrossMoserNataleVirlarknight,Mid,0.2,,19,0.2,,,,,,,,,,,,
Resources,GrossMoserNataleVirlarknight,Mid,1.1,,20,1.1,,,,,,,,,,,,
Resources,GrossMoserNataleVirlarknight,Mid,0.8,,21,0.8,,,,,,,,,,,,
Resources,GrossMoserNataleVirlarknight,Mid,1.6,,22,1.6,,,,,,,,,,,,
Resources,GrossMoserNataleVirlarknight,Mid,0.9,,23,0.9,,,,,,,,,,,,
Resources,GrossMoserNataleVirlarknight,Mid,1.3,,24,1.3,,,,,,,,,,,,
Resources,GrossMoserNataleVirlarknight,High,1,,1,1,,,,,,,,,,,,
Resources,GrossMoserNataleVirlarknight,High,1,,2,1,,,,,,,,,,,,
Resources,GrossMoserNataleVirlarknight,High,1.8,,3,1.8,,,,,,,,,,,,
Resources,GrossMoserNataleVirlarknight,High,1.4,,4,1.4,,,,,,,,,,,,
Resources,GrossMoserNataleVirlarknight,High,2.5,,5,2.5,,,,,,,,,,,,
Resources,GrossMoserNataleVirlarknight,High,1.3,,6,1.3,,,,,,,,,10/18/16 - Leaves are droopy. Dying?,10/21/16 - looks purple,11/04/16 - may be shorter because tips are extremely dry and breaking off,
Resources,GrossMoserNataleVirlarknight,High,1.5,,7,1.5,,,,,,,,,,,,
Resources,GrossMoserNataleVirlarknight,High,1.3,,8,1.3,,,,,,,,,,,,
Resources,GrossMoserNataleVirlarknight,High,1.3,,9,1.3,,,,,,,,,,,,
Resources,GrossMoserNataleVirlarknight,High,1.5,,10,1.5,,,,,,,,,,,,
Resources,GrossMoserNataleVirlarknight,High,0.8,,11,0.8,,,,,,,,,,,,
Resources,GrossMoserNataleVirlarknight,High,1.3,,12,1.3,,,,,,,,,,,,
Resources,GrossMoserNataleVirlarknight,High,1.2,,13,1.2,,,,,,,,,,,,
Resources,GrossMoserNataleVirlarknight,High,2,,14,2,,,,,,,,,11/14/16 - mistakenly watered plant with 10mL of treatment and 5mL of distilled water,,,
Resources,GrossMoserNataleVirlarknight,High,0.8,,15,0.8,,,,,,,,,,,,
Resources,GrossMoserNataleVirlarknight,High,2.1,,16,2.1,,,,,,,,,,,,
Resources,GrossMoserNataleVirlarknight,High,2.1,,17,2.1,,,,,,,,,,,,
Resources,GrossMoserNataleVirlarknight,High,1.9,,18,1.9,,,,,,,,,10/18/16 - Bottom of leaves starting to look a little brown,,,
Resources,GrossMoserNataleVirlarknight,High,1.7,,19,1.7,,,,,,,,,"10/05/16 - After pouring in 5mL of T3 near plant, it became uprooted",,,10/12/16 - Plant is dried out and dead.
Resources,GrossMoserNataleVirlarknight,High,1.9,,20,1.9,,,,,,,,,,,,
Resources,GrossMoserNataleVirlarknight,High,0.5,,21,0.5,,,,,,,,,,,,
Resources,GrossMoserNataleVirlarknight,High,1.8,,22,1.8,,,,,,,,,,,,
Resources,GrossMoserNataleVirlarknight,High,0.6,,23,0.6,,,,,,,,,,,,
Resources,GrossMoserNataleVirlarknight,High,1.3,,24,1.3,,,,,,,,,,,,
Resources,GrossMoserNataleVirlarknight,Control,1.2,,1,1.2,,,,,,,,,,,,
Resources,GrossMoserNataleVirlarknight,Control,0.4,,2,0.4,,,,,,,,,10/12/16 - plant is dried out and dead,,,
Resources,GrossMoserNataleVirlarknight,Control,0.9,,3,0.9,,,,,,,,,,,,
Resources,GrossMoserNataleVirlarknight,Control,1.8,,4,1.8,,,,,,,,,,,,
Resources,GrossMoserNataleVirlarknight,Control,1.5,,5,1.5,,,,,,,,,,,,
Resources,GrossMoserNataleVirlarknight,Control,1.4,,6,1.4,,,,,,,,,,,,
Resources,GrossMoserNataleVirlarknight,Control,0.9,,7,0.9,,,,,,,,,,,,
Resources,GrossMoserNataleVirlarknight,Control,1.6,,8,1.6,,,,,,,,,,,,
Resources,GrossMoserNataleVirlarknight,Control,1.9,,9,1.9,,,,,,,,,,,,
Resources,GrossMoserNataleVirlarknight,Control,0.8,,10,0.8,,,,,,,,,,,,
Resources,GrossMoserNataleVirlarknight,Control,1.2,,11,1.2,,,,,,,,,,,,
Resources,GrossMoserNataleVirlarknight,Control,1.4,,12,1.4,,,,,,,,,10/18/16 - no plant detected,,,
Resources,GrossMoserNataleVirlarknight,Control,1.1,,13,1.1,,,,,,,,,,,,
Resources,GrossMoserNataleVirlarknight,Control,2.1,,14,2.1,,,,,,,,,,,,
Resources,GrossMoserNataleVirlarknight,Control,1.9,,15,1.9,,,,,,,,,,,,
Resources,GrossMoserNataleVirlarknight,Control,0.6,,16,0.6,,,,,,,,,,,,
Resources,GrossMoserNataleVirlarknight,Control,1.9,,17,1.9,,,,,,,,,,,,
Resources,GrossMoserNataleVirlarknight,Control,0.9,,18,0.9,,,,,,,,,,,,
Resources,GrossMoserNataleVirlarknight,Control,0.7,,19,0.7,,,,,,,,,,,,
Resources,GrossMoserNataleVirlarknight,Control,1.4,,20,1.4,,,,,,,,,,,,
Resources,GrossMoserNataleVirlarknight,Control,2.8,,21,2.8,,,,,,,,,,,,
Resources,GrossMoserNataleVirlarknight,Control,1.5,,22,1.5,,,,,,,,,11/25/16 - longest leaf ripped during measurement,,,
Resources,GrossMoserNataleVirlarknight,Control,1.2,,23,1.2,,,,,,,,,,,,